,pytorch-qr,pytorch-qrcp,pytorch-svd,pytorch-svddc,sklearn-svddc,tf-cod,tf-necd
10,1066.3999999999999,1066.3999999999999,9600.0,800.0,800.0,532.8,1600.0
31,4426.4,4426.4,16320.0,2480.0,2480.0,2212.8,3280.0000000000005
100,15466.4,15466.4,38400.0,8000.0,8000.0,7732.8,8800.0
316,50026.399999999994,50026.399999999994,107520.0,25280.000000000004,25280.000000000004,25012.8,26080.0
1000,159466.4,159466.4,326400.0,80000.0,80000.0,79732.8,80800.0
3162,505386.4,505386.4,1018240.0000000001,252960.0,252960.0,252692.80000000002,253760.0
10000,1599466.4,1599466.4,3206400.0,800000.0000000001,800000.0000000001,799732.7999999999,800800.0
